"仓库代码","仓库纬度","仓库经度","收件人区","avg(`目的地网点纬度`)","avg(`目的地网点经度`)",distance
"020DCE",23.136,113.535,"万江区",23.0261,113.706,21.344814525
"020DCE",23.136,113.535,"万江街道",23.0471,113.738,23.0042397817
"020DCE",23.136,113.535,"东凤镇",22.7017,113.258,56.0259248118
"020DCE",23.136,113.535,"东区街道",22.5137,113.399,70.6085899353
"020DCE",23.136,113.535,"东升镇",22.6104,113.305,63.0352935092
"020DCE",23.136,113.535,"东坑镇",22.9808,113.945,45.3729757538
"020DCE",23.136,113.535,"东城区",23.0216,113.772,27.3872414726
"020DCE",23.136,113.535,"东城街道",23.0281,113.783,28.0716121872
"020DCE",23.136,113.535,"东山区",23.1205,113.296,24.5080384629
"020DCE",23.136,113.535,"东莞市",23.0205,113.752,25.653801394
"020DCE",23.136,113.535,"丬乡镇",22.3582,113.441,87.0502326746
"020DCE",23.136,113.535,"丬水区",23.1558,112.897,65.2895730238
"020DCE",23.136,113.535,"丬角镇",22.5206,113.306,72.3647312046
"020DCE",23.136,113.535,"中堂镇",23.1007,113.667,14.0625528233
"020DCE",23.136,113.535,"中山市",22.5257,113.382,69.6720182187
"020DCE",23.136,113.535,"五桂山街道",22.4461,113.403,77.9221266845
"020DCE",23.136,113.535,"从化区",23.5468,113.587,46.0007844405
"020DCE",23.136,113.535,"从化市",23.5237,113.599,43.6164036711
"020DCE",23.136,113.535,"企石镇",23.0588,114.028,51.1662564468
"020DCE",23.136,113.535,"光明新区",22.7489,113.936,59.5067111657
"020DCE",23.136,113.535,"凤岗镇",22.7542,114.086,70.6312530992
"020DCE",23.136,113.535,"南区街道",22.4854,113.354,74.70777745
"020DCE",23.136,113.535,"南城区",22.9835,113.754,28.1081433587
"020DCE",23.136,113.535,"南城街道",22.9863,113.744,27.1064770501
"020DCE",23.136,113.535,"南头镇",22.7106,113.289,53.6100054401
"020DCE",23.136,113.535,"南山区",22.5426,113.945,78.2488857203
"020DCE",23.136,113.535,"南朗镇",22.5348,113.511,66.9166184814
"020DCE",23.136,113.535,"南沙区",23.1586,113.364,17.6688508253
"020DCE",23.136,113.535,"南海区",23.0874,113.101,44.7272186861
"020DCE",23.136,113.535,"南湾区",22.2195,113.509,101.977058331
"020DCE",23.136,113.535,"博罗县",23.1926,114.103,58.4252712601
"020DCE",23.136,113.535,"厚街镇",22.9267,113.675,27.3377483083
"020DCE",23.136,113.535,"古镇镇",22.6317,113.193,66.1415182698
"020DCE",23.136,113.535,"台山市",22.3586,112.796,114.992950108
"020DCE",23.136,113.535,"四会市",23.2778,112.803,76.4763581441
"020DCE",23.136,113.535,"坦洲镇",22.2781,113.466,95.6863555602
"020DCE",23.136,113.535,"坪山新区",22.6866,114.351,97.406733522
"020DCE",23.136,113.535,"塘厦镇",22.8064,114.081,66.8624467717
"020DCE",23.136,113.535,"增城区",23.2611,113.811,31.4616441683
"020DCE",23.136,113.535,"增城市",23.2008,113.677,16.2112776284
"020DCE",23.136,113.535,"大亚湾区",22.7409,114.535,111.462988376
"020DCE",23.136,113.535,"大岭山镇",22.902,113.843,40.8857321846
"020DCE",23.136,113.535,"大旺高新技术开发区",23.2955,112.817,75.5099016327
"020DCE",23.136,113.535,"大朗镇",22.9219,113.91,45.1739753995
"020DCE",23.136,113.535,"大涌镇",22.4734,113.28,78.2013203774
"020DCE",23.136,113.535,"大鹏新区",22.5969,114.475,113.476021783
"020DCE",23.136,113.535,"天河区",23.1402,113.361,17.8032930083
"020DCE",23.136,113.535,"宝安区",22.6625,113.94,67.0515021848
"020DCE",23.136,113.535,"寮步镇",23.0004,113.855,36.0539098309
"020DCE",23.136,113.535,"封开县",23.4192,111.505,209.793265967
"020DCE",23.136,113.535,"小榄镇",22.6338,113.25,63.0336237627
"020DCE",23.136,113.535,"常平镇",22.971,113.999,50.9119852958
"020DCE",23.136,113.535,"广宁县",23.6225,112.421,125.952887374
"020DCE",23.136,113.535,"开平市",22.3788,112.702,119.973343145
"020DCE",23.136,113.535,"德庆县",23.1382,111.865,170.81237423
"020DCE",23.136,113.535,"怀集县",23.9059,112.186,162.054766524
"020DCE",23.136,113.535,"恩平市",22.3099,112.701,125.556605071
"020DCE",23.136,113.535,"惠东县",22.886,114.764,128.859724822
"020DCE",23.136,113.535,"惠城区",23.0275,114.432,92.5758045193
"020DCE",23.136,113.535,"惠阳区",22.8068,114.433,98.984969939
"020DCE",23.136,113.535,"斗门区",22.2061,113.398,104.383973391
"020DCE",23.136,113.535,"新会区",22.4936,113.016,89.0905581368
"020DCE",23.136,113.535,"望牛墩镇",23.0641,113.661,15.170472566
"020DCE",23.136,113.535,"板芙镇",22.549,113.334,68.4656585191
"020DCE",23.136,113.535,"桥头镇",22.9725,114.056,56.3383882021
"020DCE",23.136,113.535,"樟木头镇",22.8984,114.067,60.5366594398
"020DCE",23.136,113.535,"横栏镇",22.5744,113.226,70.0368718746
"020DCE",23.136,113.535,"横沥镇",23.0282,113.97,46.0981841933
"020DCE",23.136,113.535,"民众镇",22.567,113.325,66.8499397122
"020DCE",23.136,113.535,"江海区",22.5789,113.119,75.2182574526
"020DCE",23.136,113.535,"沙溪镇",22.5077,113.328,73.0368561067
"020DCE",23.136,113.535,"沙田镇",22.8716,113.629,30.9438753977
"020DCE",23.136,113.535,"洪梅镇",22.9842,113.614,18.7205799168
"020DCE",23.136,113.535,"海珠区",23.0873,113.306,24.0454150105
"020DCE",23.136,113.535,"清溪镇",22.8167,114.18,74.994327704
"020DCE",23.136,113.535,"港口镇",22.5907,113.392,62.3992349534
"020DCE",23.136,113.535,"火炬开发区",22.5601,113.474,64.3616954422
"020DCE",23.136,113.535,"番禺区",22.9879,113.38,22.8690183926
"020DCE",23.136,113.535,"白云区",23.2591,113.166,40.1334500763
"020DCE",23.136,113.535,"盐田区",22.6661,114.093,77.4640037228
"020DCE",23.136,113.535,"石岐区",22.5366,113.388,68.352911563
"020DCE",23.136,113.535,"石排镇",23.0796,113.942,42.1083133403
"020DCE",23.136,113.535,"石碣镇",23.1046,113.807,28.0428860626
"020DCE",23.136,113.535,"石龙镇",23.098,113.861,33.6161318568
"020DCE",23.136,113.535,"神湾镇",22.325,113.36,91.9765764512
"020DCE",23.136,113.535,"禅城区",23.0062,113.097,47.0899583986
"020DCE",23.136,113.535,"福田区",22.5409,114.069,85.8949438204
"020DCE",23.136,113.535,"端州区",23.0803,112.485,107.598929601
"020DCE",23.136,113.535,"罗湖区",22.5565,114.116,87.7582467773
"020DCE",23.136,113.535,"花都区",23.4249,113.224,45.1920770777
"020DCE",23.136,113.535,"茶山镇",22.935,113.905,43.9799818003
"020DCE",23.136,113.535,"荔湾区",23.0984,113.239,30.5678017095
"020DCE",23.136,113.535,"莞城区",23.0385,113.749,24.4352164646
"020DCE",23.136,113.535,"莞城街道",23.0385,113.749,24.4352164646
"020DCE",23.136,113.535,"萝岗区",23.1738,113.509,4.97474284679
"020DCE",23.136,113.535,"蓬江区",22.612,113.068,75.4160665822
"020DCE",23.136,113.535,"虎门镇",22.8176,113.708,39.599521197
"020DCE",23.136,113.535,"西区街道",22.5201,113.359,70.842661035
"020DCE",23.136,113.535,"谢岗镇",22.9641,114.136,64.4152137287
"020DCE",23.136,113.535,"越秀区",23.0587,113.324,23.2373774011
"020DCE",23.136,113.535,"道滘镇",23.0044,113.675,20.4822737548
"020DCE",23.136,113.535,"金唐区",22.3804,113.54,84.0468266653
"020DCE",23.136,113.535,"金湾区",22.1313,113.383,112.836820282
"020DCE",23.136,113.535,"长安镇",22.7892,113.769,45.4128489
"020DCE",23.136,113.535,"阜沙镇",22.6677,113.35,55.4307022845
"020DCE",23.136,113.535,"顺德区",22.8716,113.177,46.9935174944
"020DCE",23.136,113.535,"香洲区",22.271,113.539,96.2146811849
"020DCE",23.136,113.535,"高埗镇",22.8583,113.672,33.9244488736
"020DCE",23.136,113.535,"高新区",22.3978,113.343,84.4381683483
"020DCE",23.136,113.535,"高明区",22.8715,112.862,74.922780974
"020DCE",23.136,113.535,"高要市",23.0463,112.555,100.766923298
"020DCE",23.136,113.535,"鹤山市",22.7592,112.969,71.5367782375
"020DCE",23.136,113.535,"麻涌镇",23.054,113.558,9.41953509992
"020DCE",23.136,113.535,"黄圃镇",22.7073,113.33,52.1042286225
"020DCE",23.136,113.535,"黄埔区",23.1005,113.477,7.1270996543
"020DCE",23.136,113.535,"黄江镇",22.9155,114.021,55.467793824
"020DCE",23.136,113.535,"鼎湖区",23.1852,112.574,98.4290949276
"020DCE",23.136,113.535,"龙华新区",22.6685,114.018,71.7852898997
"020DCE",23.136,113.535,"龙岗区",22.6699,114.186,84.4805095679
"020DCE",23.136,113.535,"龙门县",23.1604,114.364,84.8291570692
"020DCF",23.131,113.536,"万江区",23.0261,113.706,20.9464623789
"020DCF",23.131,113.536,"万江街道",23.0471,113.738,22.6777765358
"020DCF",23.131,113.536,"东凤镇",22.7017,113.258,55.599791545
"020DCF",23.131,113.536,"东区街道",22.5137,113.399,70.0840026001
"020DCF",23.131,113.536,"东升镇",22.6104,113.305,62.5587117558
"020DCF",23.131,113.536,"东坑镇",22.9808,113.945,45.0699640155
"020DCF",23.131,113.536,"东城区",23.0216,113.772,27.0422926399
"020DCF",23.131,113.536,"东城街道",23.0281,113.783,27.7455609585
"020DCF",23.131,113.536,"东山区",23.1205,113.296,24.5778343897
"020DCF",23.131,113.536,"东莞市",23.0205,113.752,25.2907355726
"020DCF",23.131,113.536,"丬乡镇",22.3582,113.441,86.5090427806
"020DCF",23.131,113.536,"丬水区",23.1558,112.897,65.4141011797
"020DCF",23.131,113.536,"丬角镇",22.5206,113.306,71.8725980907
"020DCF",23.131,113.536,"中堂镇",23.1007,113.667,13.8185310894
"020DCF",23.131,113.536,"中山市",22.5257,113.382,69.1536564907
"020DCF",23.131,113.536,"五桂山街道",22.4461,113.403,77.3925424066
"020DCF",23.131,113.536,"从化区",23.5468,113.587,46.5417307834
"020DCF",23.131,113.536,"从化市",23.5237,113.599,44.1513673924
"020DCF",23.131,113.536,"企石镇",23.0588,114.028,50.9757512172
"020DCF",23.131,113.536,"光明新区",22.7489,113.936,59.0349369241
"020DCF",23.131,113.536,"凤岗镇",22.7542,114.086,70.2168999169
"020DCF",23.131,113.536,"南区街道",22.4854,113.354,74.1949960652
"020DCF",23.131,113.536,"南城区",22.9835,113.754,27.6938806943
"020DCF",23.131,113.536,"南城街道",22.9863,113.744,26.687051731
"020DCF",23.131,113.536,"南头镇",22.7106,113.289,53.168684057
"020DCF",23.131,113.536,"南山区",22.5426,113.945,77.7254174157
"020DCF",23.131,113.536,"南朗镇",22.5348,113.511,66.3647298943
"020DCF",23.131,113.536,"南沙区",23.1586,113.364,17.8575781845
"020DCF",23.131,113.536,"南海区",23.0874,113.101,44.7659374199
"020DCF",23.131,113.536,"南湾区",22.2195,113.509,101.423854032
"020DCF",23.131,113.536,"博罗县",23.1926,114.103,58.3873298667
"020DCF",23.131,113.536,"厚街镇",22.9267,113.675,26.8113987473
"020DCF",23.131,113.536,"古镇镇",22.6317,113.193,65.725614279
"020DCF",23.131,113.536,"台山市",22.3586,112.796,114.644153693
"020DCF",23.131,113.536,"四会市",23.2778,112.803,76.6942411319
"020DCF",23.131,113.536,"坦洲镇",22.2781,113.466,95.1394409517
"020DCF",23.131,113.536,"坪山新区",22.6866,114.351,97.0356581441
"020DCF",23.131,113.536,"塘厦镇",22.8064,114.081,66.4739900662
"020DCF",23.131,113.536,"增城区",23.2611,113.811,31.6210712448
"020DCF",23.131,113.536,"增城市",23.2008,113.677,16.3762132518
"020DCF",23.131,113.536,"大亚湾区",22.7409,114.535,111.152321558
"020DCF",23.131,113.536,"大岭山镇",22.902,113.843,40.4548279535
"020DCF",23.131,113.536,"大旺高新技术开发区",23.2955,112.817,75.7430250202
"020DCF",23.131,113.536,"大朗镇",22.9219,113.91,44.7963691659
"020DCF",23.131,113.536,"大涌镇",22.4734,113.28,77.712136605
"020DCF",23.131,113.536,"大鹏新区",22.5969,114.475,113.097414797
"020DCF",23.131,113.536,"天河区",23.1402,113.361,17.9290060167
"020DCF",23.131,113.536,"宝安区",22.6625,113.94,66.5522461401
"020DCF",23.131,113.536,"寮步镇",23.0004,113.855,35.7318464566
"020DCF",23.131,113.536,"封开县",23.4192,111.505,209.982304764
"020DCF",23.131,113.536,"小榄镇",22.6338,113.25,62.5894744605
"020DCF",23.131,113.536,"常平镇",22.971,113.999,50.6191559518
"020DCF",23.131,113.536,"广宁县",23.6225,112.421,126.286777556
"020DCF",23.131,113.536,"开平市",22.3788,112.702,119.658007003
"020DCF",23.131,113.536,"德庆县",23.1382,111.865,170.919543316
"020DCF",23.131,113.536,"怀集县",23.9059,112.186,162.437976824
"020DCF",23.131,113.536,"恩平市",22.3099,112.701,125.221414451
"020DCF",23.131,113.536,"惠东县",22.886,114.764,128.643081467
"020DCF",23.131,113.536,"惠城区",23.0275,114.432,92.4051115679
"020DCF",23.131,113.536,"惠阳区",22.8068,114.433,98.6868419029
"020DCF",23.131,113.536,"斗门区",22.2061,113.398,103.846903739
"020DCF",23.131,113.536,"新会区",22.4936,113.016,88.7073015624
"020DCF",23.131,113.536,"望牛墩镇",23.0641,113.661,14.796476917
"020DCF",23.131,113.536,"板芙镇",22.549,113.334,67.9667711767
"020DCF",23.131,113.536,"桥头镇",22.9725,114.056,56.0651058524
"020DCF",23.131,113.536,"樟木头镇",22.8984,114.067,60.2043971456
"020DCF",23.131,113.536,"横栏镇",22.5744,113.226,69.588299431
"020DCF",23.131,113.536,"横沥镇",23.0282,113.97,45.8583624857
"020DCF",23.131,113.536,"民众镇",22.567,113.325,66.3571171765
"020DCF",23.131,113.536,"江海区",22.5789,113.119,74.8197107733
"020DCF",23.131,113.536,"沙溪镇",22.5077,113.328,72.535071701
"020DCF",23.131,113.536,"沙田镇",22.8716,113.629,30.3836153194
"020DCF",23.131,113.536,"洪梅镇",22.9842,113.614,18.1754388457
"020DCF",23.131,113.536,"海珠区",23.0873,113.306,24.0268710713
"020DCF",23.131,113.536,"清溪镇",22.8167,114.18,74.6431403472
"020DCF",23.131,113.536,"港口镇",22.5907,113.392,61.8832100251
"020DCF",23.131,113.536,"火炬开发区",22.5601,113.474,63.818337229
"020DCF",23.131,113.536,"番禺区",22.9879,113.38,22.5442903307
"020DCF",23.131,113.536,"白云区",23.2591,113.166,40.4229009255
"020DCF",23.131,113.536,"盐田区",22.6661,114.093,77.0146718739
"020DCF",23.131,113.536,"石岐区",22.5366,113.388,67.8334732811
"020DCF",23.131,113.536,"石排镇",23.0796,113.942,41.9284696938
"020DCF",23.131,113.536,"石碣镇",23.1046,113.807,27.8778469815
"020DCF",23.131,113.536,"石龙镇",23.098,113.861,33.449674281
"020DCF",23.131,113.536,"神湾镇",22.325,113.36,91.4514545847
"020DCF",23.131,113.536,"禅城区",23.0062,113.097,47.0209922529
"020DCF",23.131,113.536,"福田区",22.5409,114.069,85.402123715
"020DCF",23.131,113.536,"端州区",23.0803,112.485,107.672504096
"020DCF",23.131,113.536,"罗湖区",22.5565,114.116,87.2814714618
"020DCF",23.131,113.536,"花都区",23.4249,113.224,45.6609006795
"020DCF",23.131,113.536,"茶山镇",22.935,113.905,43.611813457
"020DCF",23.131,113.536,"荔湾区",23.0984,113.239,30.5988240219
"020DCF",23.131,113.536,"莞城区",23.0385,113.749,24.1013170094
"020DCF",23.131,113.536,"莞城街道",23.0385,113.749,24.1013170094
"020DCF",23.131,113.536,"萝岗区",23.1738,113.509,5.50351065327
"020DCF",23.131,113.536,"蓬江区",22.612,113.068,75.0531000636
"020DCF",23.131,113.536,"虎门镇",22.8176,113.708,39.0567826352
"020DCF",23.131,113.536,"西区街道",22.5201,113.359,70.3314609909
"020DCF",23.131,113.536,"谢岗镇",22.9641,114.136,64.1554423825
"020DCF",23.131,113.536,"越秀区",23.0587,113.324,23.133674847
"020DCF",23.131,113.536,"道滘镇",23.0044,113.675,20.0159173764
"020DCF",23.131,113.536,"金唐区",22.3804,113.54,83.4901209265
"020DCF",23.131,113.536,"金湾区",22.1313,113.383,112.300394681
"020DCF",23.131,113.536,"长安镇",22.7892,113.769,44.8871091611
"020DCF",23.131,113.536,"阜沙镇",22.6677,113.35,54.9439893847
"020DCF",23.131,113.536,"顺德区",22.8716,113.177,46.7285183654
"020DCF",23.131,113.536,"香洲区",22.271,113.539,95.6581518954
"020DCF",23.131,113.536,"高埗镇",22.8583,113.672,33.376120955
"020DCF",23.131,113.536,"高新区",22.3978,113.343,83.921673081
"020DCF",23.131,113.536,"高明区",22.8715,112.862,74.8017727527
"020DCF",23.131,113.536,"高要市",23.0463,112.555,100.81710767
"020DCF",23.131,113.536,"鹤山市",22.7592,112.969,71.2966596605
"020DCF",23.131,113.536,"麻涌镇",23.054,113.558,8.85556041244
"020DCF",23.131,113.536,"黄圃镇",22.7073,113.33,51.6376890349
"020DCF",23.131,113.536,"黄埔区",23.1005,113.477,6.92376382241
"020DCF",23.131,113.536,"黄江镇",22.9155,114.021,55.1327613328
"020DCF",23.131,113.536,"鼎湖区",23.1852,112.574,98.5654867722
"020DCF",23.131,113.536,"龙华新区",22.6685,114.018,71.3130929117
"020DCF",23.131,113.536,"龙岗区",22.6699,114.186,84.0601319873
"020DCF",23.131,113.536,"龙门县",23.1604,114.364,84.7481509203
"024DCB",22.643,113.828,"万江区",23.0261,113.706,44.4095490785
"024DCB",22.643,113.828,"万江街道",23.0471,113.738,45.8849485187
"024DCB",22.643,113.828,"东凤镇",22.7017,113.258,58.8648269917
"024DCB",22.643,113.828,"东区街道",22.5137,113.399,46.3481381537
"024DCB",22.643,113.828,"东升镇",22.6104,113.305,53.817939442
"024DCB",22.643,113.828,"东坑镇",22.9808,113.945,39.4419328972
"024DCB",22.643,113.828,"东城区",23.0216,113.772,42.5011148139
"024DCB",22.643,113.828,"东城街道",23.0281,113.783,43.0822897642
"024DCB",22.643,113.828,"东山区",23.1205,113.296,76.1122344142
"024DCB",22.643,113.828,"东莞市",23.0205,113.752,42.7059644014
"024DCB",22.643,113.828,"丬乡镇",22.3582,113.441,50.8437515884
"024DCB",22.643,113.828,"丬水区",23.1558,112.897,111.145189578
"024DCB",22.643,113.828,"丬角镇",22.5206,113.306,55.3121658737
"024DCB",22.643,113.828,"中堂镇",23.1007,113.667,53.5169650709
"024DCB",22.643,113.828,"中山市",22.5257,113.382,47.6262617989
"024DCB",22.643,113.828,"五桂山街道",22.4461,113.403,48.8453463315
"024DCB",22.643,113.828,"从化区",23.5468,113.587,103.509341862
"024DCB",22.643,113.828,"从化市",23.5237,113.599,100.723571428
"024DCB",22.643,113.828,"企石镇",23.0588,114.028,50.5890672898
"024DCB",22.643,113.828,"光明新区",22.7489,113.936,16.1732724825
"024DCB",22.643,113.828,"凤岗镇",22.7542,114.086,29.2214161078
"024DCB",22.643,113.828,"南区街道",22.4854,113.354,51.7466437465
"024DCB",22.643,113.828,"南城区",22.9835,113.754,38.6262315531
"024DCB",22.643,113.828,"南城街道",22.9863,113.744,39.144366211
"024DCB",22.643,113.828,"南头镇",22.7106,113.289,55.8268256953
"024DCB",22.643,113.828,"南山区",22.5426,113.945,16.4035700833
"024DCB",22.643,113.828,"南朗镇",22.5348,113.511,34.708248456
"024DCB",22.643,113.828,"南沙区",23.1586,113.364,74.4937333965
"024DCB",22.643,113.828,"南海区",23.0874,113.101,89.4150534892
"024DCB",22.643,113.828,"南湾区",22.2195,113.509,57.398937658
"024DCB",22.643,113.828,"博罗县",23.1926,114.103,67.3116590442
"024DCB",22.643,113.828,"厚街镇",22.9267,113.675,35.2413882992
"024DCB",22.643,113.828,"古镇镇",22.6317,113.193,65.2015675043
"024DCB",22.643,113.828,"台山市",22.3586,112.796,110.66788567
"024DCB",22.643,113.828,"四会市",23.2778,112.803,126.513881402
"024DCB",22.643,113.828,"坦洲镇",22.2781,113.466,55.0636198722
"024DCB",22.643,113.828,"坪山新区",22.6866,114.351,53.8993643036
"024DCB",22.643,113.828,"塘厦镇",22.8064,114.081,31.6871114379
"024DCB",22.643,113.828,"增城区",23.2611,113.811,68.77320515
"024DCB",22.643,113.828,"增城市",23.2008,113.677,63.9434069454
"024DCB",22.643,113.828,"大亚湾区",22.7409,114.535,73.3647559008
"024DCB",22.643,113.828,"大岭山镇",22.902,113.843,28.8495728852
"024DCB",22.643,113.828,"大旺高新技术开发区",23.2955,112.817,126.440767501
"024DCB",22.643,113.828,"大朗镇",22.9219,113.91,32.1415596696
"024DCB",22.643,113.828,"大涌镇",22.4734,113.28,59.3672674301
"024DCB",22.643,113.828,"大鹏新区",22.5969,114.475,66.627391565
"024DCB",22.643,113.828,"天河区",23.1402,113.361,73.1326926125
"024DCB",22.643,113.828,"宝安区",22.6625,113.94,11.6995136976
"024DCB",22.643,113.828,"寮步镇",23.0004,113.855,39.8497991471
"024DCB",22.643,113.828,"封开县",23.4192,111.505,252.974930538
"024DCB",22.643,113.828,"小榄镇",22.6338,113.25,59.3461776439
"024DCB",22.643,113.828,"常平镇",22.971,113.999,40.4777678776
"024DCB",22.643,113.828,"广宁县",23.6225,112.421,180.502811606
"024DCB",22.643,113.828,"开平市",22.3788,112.702,119.375207796
"024DCB",22.643,113.828,"德庆县",23.1382,111.865,208.55217729
"024DCB",22.643,113.828,"怀集县",23.9059,112.186,218.813547396
"024DCB",22.643,113.828,"恩平市",22.3099,112.701,121.614336816
"024DCB",22.643,113.828,"惠东县",22.886,114.764,99.7333190304
"024DCB",22.643,113.828,"惠城区",23.0275,114.432,75.2517107661
"024DCB",22.643,113.828,"惠阳区",22.8068,114.433,64.6886986528
"024DCB",22.643,113.828,"斗门区",22.2061,113.398,65.6985495902
"024DCB",22.643,113.828,"新会区",22.4936,113.016,85.0415446078
"024DCB",22.643,113.828,"望牛墩镇",23.0641,113.661,49.8686102154
"024DCB",22.643,113.828,"板芙镇",22.549,113.334,51.7958393039
"024DCB",22.643,113.828,"桥头镇",22.9725,114.056,43.4711860265
"024DCB",22.643,113.828,"樟木头镇",22.8984,114.067,37.5214221458
"024DCB",22.643,113.828,"横栏镇",22.5744,113.226,62.2836970366
"024DCB",22.643,113.828,"横沥镇",23.0282,113.97,45.2509960029
"024DCB",22.643,113.828,"民众镇",22.567,113.325,52.337623119
"024DCB",22.643,113.828,"江海区",22.5789,113.119,73.148595407
"024DCB",22.643,113.828,"沙溪镇",22.5077,113.328,53.5131458417
"024DCB",22.643,113.828,"沙田镇",22.8716,113.629,32.6063082713
"024DCB",22.643,113.828,"洪梅镇",22.9842,113.614,43.8375922105
"024DCB",22.643,113.828,"海珠区",23.0873,113.306,72.831710535
"024DCB",22.643,113.828,"清溪镇",22.8167,114.18,40.9557425152
"024DCB",22.643,113.828,"港口镇",22.5907,113.392,45.1430837352
"024DCB",22.643,113.828,"火炬开发区",22.5601,113.474,37.5025855243
"024DCB",22.643,113.828,"番禺区",22.9879,113.38,59.8454779458
"024DCB",22.643,113.828,"白云区",23.2591,113.166,96.4035523066
"024DCB",22.643,113.828,"盐田区",22.6661,114.093,27.322737493
"024DCB",22.643,113.828,"石岐区",22.5366,113.388,46.7104133827
"024DCB",22.643,113.828,"石排镇",23.0796,113.942,49.9487527116
"024DCB",22.643,113.828,"石碣镇",23.1046,113.807,51.3887759704
"024DCB",22.643,113.828,"石龙镇",23.098,113.861,50.7224505068
"024DCB",22.643,113.828,"神湾镇",22.325,113.36,59.7041126064
"024DCB",22.643,113.828,"禅城区",23.0062,113.097,85.1372571059
"024DCB",22.643,113.828,"福田区",22.5409,114.069,27.2305531533
"024DCB",22.643,113.828,"端州区",23.0803,112.485,145.9875904
"024DCB",22.643,113.828,"罗湖区",22.5565,114.116,31.100039268
"024DCB",22.643,113.828,"花都区",23.4249,113.224,106.706659963
"024DCB",22.643,113.828,"茶山镇",22.935,113.905,33.4251568038
"024DCB",22.643,113.828,"荔湾区",23.0984,113.239,78.8010279718
"024DCB",22.643,113.828,"莞城区",23.0385,113.749,44.7305548196
"024DCB",22.643,113.828,"莞城街道",23.0385,113.749,44.7305548196
"024DCB",22.643,113.828,"萝岗区",23.1738,113.509,67.4835688045
"024DCB",22.643,113.828,"蓬江区",22.612,113.068,78.1037376958
"024DCB",22.643,113.828,"虎门镇",22.8176,113.708,22.9939862399
"024DCB",22.643,113.828,"西区街道",22.5201,113.359,50.0696016075
"024DCB",22.643,113.828,"谢岗镇",22.9641,114.136,47.6758482377
"024DCB",22.643,113.828,"越秀区",23.0587,113.324,69.3305875203
"024DCB",22.643,113.828,"道滘镇",23.0044,113.675,43.1503871311
"024DCB",22.643,113.828,"金唐区",22.3804,113.54,41.5802801316
"024DCB",22.643,113.828,"金湾区",22.1313,113.383,73.034496804
"024DCB",22.643,113.828,"长安镇",22.7892,113.769,17.3519745656
"024DCB",22.643,113.828,"阜沙镇",22.6677,113.35,49.1421874393
"024DCB",22.643,113.828,"顺德区",22.8716,113.177,71.4509190919
"024DCB",22.643,113.828,"香洲区",22.271,113.539,50.9376193757
"024DCB",22.643,113.828,"高埗镇",22.8583,113.672,28.8019806586
"024DCB",22.643,113.828,"高新区",22.3978,113.343,56.807881448
"024DCB",22.643,113.828,"高明区",22.8715,112.862,102.29096319
"024DCB",22.643,113.828,"高要市",23.0463,112.555,137.983625189
"024DCB",22.643,113.828,"鹤山市",22.7592,112.969,89.0869358071
"024DCB",22.643,113.828,"麻涌镇",23.054,113.558,53.4400233742
"024DCB",22.643,113.828,"黄圃镇",22.7073,113.33,51.6088682289
"024DCB",22.643,113.828,"黄埔区",23.1005,113.477,62.3180062898
"024DCB",22.643,113.828,"黄江镇",22.9155,114.021,36.200341581
"024DCB",22.643,113.828,"鼎湖区",23.1852,112.574,141.925501995
"024DCB",22.643,113.828,"龙华新区",22.6685,114.018,19.7080758928
"024DCB",22.643,113.828,"龙岗区",22.6699,114.186,36.8689964847
"024DCB",22.643,113.828,"龙门县",23.1604,114.364,79.5498012956
"311DCA",23.143,114.42,"万江区",23.0261,113.706,74.2068583725
"311DCA",23.143,114.42,"万江街道",23.0471,113.738,70.5896065739
"311DCA",23.143,114.42,"东凤镇",22.7017,113.258,128.764892958
"311DCA",23.143,114.42,"东区街道",22.5137,113.399,125.917477143
"311DCA",23.143,114.42,"东升镇",22.6104,113.305,128.709183143
"311DCA",23.143,114.42,"东坑镇",22.9808,113.945,51.8516686689
"311DCA",23.143,114.42,"东城区",23.0216,113.772,67.6675732826
"311DCA",23.143,114.42,"东城街道",23.0281,113.783,66.4205811538
"311DCA",23.143,114.42,"东山区",23.1205,113.296,114.99798035
"311DCA",23.143,114.42,"东莞市",23.0205,113.752,69.6981944429
"311DCA",23.143,114.42,"丬乡镇",22.3582,113.441,133.057663963
"311DCA",23.143,114.42,"丬水区",23.1558,112.897,155.768989752
"311DCA",23.143,114.42,"丬角镇",22.5206,113.306,133.545588056
"311DCA",23.143,114.42,"中堂镇",23.1007,113.667,77.1715654681
"311DCA",23.143,114.42,"中山市",22.5257,113.382,126.637312459
"311DCA",23.143,114.42,"五桂山街道",22.4461,113.403,129.938698761
"311DCA",23.143,114.42,"从化区",23.5468,113.587,96.1980136811
"311DCA",23.143,114.42,"从化市",23.5237,113.599,93.9365782794
"311DCA",23.143,114.42,"企石镇",23.0588,114.028,41.1848683327
"311DCA",23.143,114.42,"光明新区",22.7489,113.936,66.1760666347
"311DCA",23.143,114.42,"凤岗镇",22.7542,114.086,55.1414449155
"311DCA",23.143,114.42,"南区街道",22.4854,113.354,131.511458579
"311DCA",23.143,114.42,"南城区",22.9835,113.754,70.4291784421
"311DCA",23.143,114.42,"南城街道",22.9863,113.744,71.3426115054
"311DCA",23.143,114.42,"南头镇",22.7106,113.289,125.448370163
"311DCA",23.143,114.42,"南山区",22.5426,113.945,82.6475887978
"311DCA",23.143,114.42,"南朗镇",22.5348,113.511,115.148055028
"311DCA",23.143,114.42,"南沙区",23.1586,113.364,108.013841139
"311DCA",23.143,114.42,"南海区",23.0874,113.101,135.074896668
"311DCA",23.143,114.42,"南湾区",22.2195,113.509,138.896907581
"311DCA",23.143,114.42,"博罗县",23.1926,114.103,32.8824966773
"311DCA",23.143,114.42,"厚街镇",22.9267,113.675,79.9640940993
"311DCA",23.143,114.42,"古镇镇",22.6317,113.193,137.997236767
"311DCA",23.143,114.42,"台山市",22.3586,112.796,188.045859908
"311DCA",23.143,114.42,"四会市",23.2778,112.803,165.979278303
"311DCA",23.143,114.42,"坦洲镇",22.2781,113.466,137.245441846
"311DCA",23.143,114.42,"坪山新区",22.6866,114.351,51.2551303889
"311DCA",23.143,114.42,"塘厦镇",22.8064,114.081,51.0581877039
"311DCA",23.143,114.42,"增城区",23.2611,113.811,63.6309763674
"311DCA",23.143,114.42,"增城市",23.2008,113.677,76.2482032649
"311DCA",23.143,114.42,"大亚湾区",22.7409,114.535,46.2507364429
"311DCA",23.143,114.42,"大岭山镇",22.902,113.843,64.8658180219
"311DCA",23.143,114.42,"大旺高新技术开发区",23.2955,112.817,164.734261484
"311DCA",23.143,114.42,"大朗镇",22.9219,113.91,57.7076907796
"311DCA",23.143,114.42,"大涌镇",22.4734,113.28,138.598254039
"311DCA",23.143,114.42,"大鹏新区",22.5969,114.475,61.0035839137
"311DCA",23.143,114.42,"天河区",23.1402,113.361,108.314602473
"311DCA",23.143,114.42,"宝安区",22.6625,113.94,72.6309355957
"311DCA",23.143,114.42,"寮步镇",23.0004,113.855,59.9543411193
"311DCA",23.143,114.42,"封开县",23.4192,111.505,299.409559444
"311DCA",23.143,114.42,"小榄镇",22.6338,113.25,132.596509908
"311DCA",23.143,114.42,"常平镇",22.971,113.999,47.143375507
"311DCA",23.143,114.42,"广宁县",23.6225,112.421,210.93935085
"311DCA",23.143,114.42,"开平市",22.3788,112.702,195.639754345
"311DCA",23.143,114.42,"德庆县",23.1382,111.865,261.324243286
"311DCA",23.143,114.42,"怀集县",23.9059,112.186,243.120478915
"311DCA",23.143,114.42,"恩平市",22.3099,112.701,199.218999029
"311DCA",23.143,114.42,"惠东县",22.886,114.764,45.3589605095
"311DCA",23.143,114.42,"惠城区",23.0275,114.432,12.9055901707
"311DCA",23.143,114.42,"惠阳区",22.8068,114.433,37.419159351
"311DCA",23.143,114.42,"斗门区",22.2061,113.398,147.856789607
"311DCA",23.143,114.42,"新会区",22.4936,113.016,161.050355807
"311DCA",23.143,114.42,"望牛墩镇",23.0641,113.661,78.1466957074
"311DCA",23.143,114.42,"板芙镇",22.549,113.334,129.449199269
"311DCA",23.143,114.42,"桥头镇",22.9725,114.056,41.8025381379
"311DCA",23.143,114.42,"樟木头镇",22.8984,114.067,45.2339484196
"311DCA",23.143,114.42,"横栏镇",22.5744,113.226,137.754012763
"311DCA",23.143,114.42,"横沥镇",23.0282,113.97,47.7828963279
"311DCA",23.143,114.42,"民众镇",22.567,113.325,129.232815344
"311DCA",23.143,114.42,"江海区",22.5789,113.119,147.36671987
"311DCA",23.143,114.42,"沙溪镇",22.5077,113.328,132.386967003
"311DCA",23.143,114.42,"沙田镇",22.8716,113.629,86.4274820028
"311DCA",23.143,114.42,"洪梅镇",22.9842,113.614,84.3553272264
"311DCA",23.143,114.42,"海珠区",23.0873,113.306,114.130254968
"311DCA",23.143,114.42,"清溪镇",22.8167,114.18,43.8324869946
"311DCA",23.143,114.42,"港口镇",22.5907,113.392,121.959216472
"311DCA",23.143,114.42,"火炬开发区",22.5601,113.474,116.643557332
"311DCA",23.143,114.42,"番禺区",22.9879,113.38,107.820258222
"311DCA",23.143,114.42,"白云区",23.2591,113.166,128.850354109
"311DCA",23.143,114.42,"盐田区",22.6661,114.093,62.7404062422
"311DCA",23.143,114.42,"石岐区",22.5366,113.388,125.461460001
"311DCA",23.143,114.42,"石排镇",23.0796,113.942,49.4066651458
"311DCA",23.143,114.42,"石碣镇",23.1046,113.807,62.8511398201
"311DCA",23.143,114.42,"石龙镇",23.098,113.861,57.4020549558
"311DCA",23.143,114.42,"神湾镇",22.325,113.36,141.785960344
"311DCA",23.143,114.42,"禅城区",23.0062,113.097,136.235727522
"311DCA",23.143,114.42,"福田区",22.5409,114.069,76.0244724136
"311DCA",23.143,114.42,"端州区",23.0803,112.485,198.077105325
"311DCA",23.143,114.42,"罗湖区",22.5565,114.116,72.2961259891
"311DCA",23.143,114.42,"花都区",23.4249,113.224,126.154762344
"311DCA",23.143,114.42,"茶山镇",22.935,113.905,57.5678940912
"311DCA",23.143,114.42,"荔湾区",23.0984,113.239,120.912838077
"311DCA",23.143,114.42,"莞城区",23.0385,113.749,69.6327175685
"311DCA",23.143,114.42,"莞城街道",23.0385,113.749,69.6327175685
"311DCA",23.143,114.42,"萝岗区",23.1738,113.509,93.2281034202
"311DCA",23.143,114.42,"蓬江区",22.612,113.068,150.615829387
"311DCA",23.143,114.42,"虎门镇",22.8176,113.708,81.3998984633
"311DCA",23.143,114.42,"西区街道",22.5201,113.359,128.960239964
"311DCA",23.143,114.42,"谢岗镇",22.9641,114.136,35.2254557337
"311DCA",23.143,114.42,"越秀区",23.0587,113.324,112.523878421
"311DCA",23.143,114.42,"道滘镇",23.0044,113.675,77.7800624656
"311DCA",23.143,114.42,"金唐区",22.3804,113.54,123.861360195
"311DCA",23.143,114.42,"金湾区",22.1313,113.383,154.907552309
"311DCA",23.143,114.42,"长安镇",22.7892,113.769,77.4187862894
"311DCA",23.143,114.42,"阜沙镇",22.6677,113.35,121.712213786
"311DCA",23.143,114.42,"顺德区",22.8716,113.177,130.791803983
"311DCA",23.143,114.42,"香洲区",22.271,113.539,132.586124288
"311DCA",23.143,114.42,"高埗镇",22.8583,113.672,82.8741429787
"311DCA",23.143,114.42,"高新区",22.3978,113.343,138.098445862
"311DCA",23.143,114.42,"高明区",22.8715,112.862,162.343832089
"311DCA",23.143,114.42,"高要市",23.0463,112.555,191.120288738
"311DCA",23.143,114.42,"鹤山市",22.7592,112.969,154.626947296
"311DCA",23.143,114.42,"麻涌镇",23.054,113.558,88.7472885025
"311DCA",23.143,114.42,"黄圃镇",22.7073,113.33,121.726775892
"311DCA",23.143,114.42,"黄埔区",23.1005,113.477,96.5797926271
"311DCA",23.143,114.42,"黄江镇",22.9155,114.021,48.0473039801
"311DCA",23.143,114.42,"鼎湖区",23.1852,112.574,188.834032306
"311DCA",23.143,114.42,"龙华新区",22.6685,114.018,66.94813318
"311DCA",23.143,114.42,"龙岗区",22.6699,114.186,57.8270800247
"311DCA",23.143,114.42,"龙门县",23.1604,114.364,6.04541693735
"755DCA",22.685,113.829,"万江区",23.0261,113.706,39.9802425267
"755DCA",22.685,113.829,"万江街道",23.0471,113.738,41.3420509515
"755DCA",22.685,113.829,"东凤镇",22.7017,113.258,58.6246993038
"755DCA",22.685,113.829,"东区街道",22.5137,113.399,48.0917363783
"755DCA",22.685,113.829,"东升镇",22.6104,113.305,54.4263332149
"755DCA",22.685,113.829,"东坑镇",22.9808,113.945,34.9848172643
"755DCA",22.685,113.829,"东城区",23.0216,113.772,37.8930657159
"755DCA",22.685,113.829,"东城街道",23.0281,113.783,38.4530963895
"755DCA",22.685,113.829,"东山区",23.1205,113.296,72.9994368275
"755DCA",22.685,113.829,"东莞市",23.0205,113.752,38.1430722436
"755DCA",22.685,113.829,"丬乡镇",22.3582,113.441,53.9498902579
"755DCA",22.685,113.829,"丬水区",23.1558,112.897,108.898561447
"755DCA",22.685,113.829,"丬角镇",22.5206,113.306,56.7327584794
"755DCA",22.685,113.829,"中堂镇",23.1007,113.667,49.1276985325
"755DCA",22.685,113.829,"中山市",22.5257,113.382,49.2012672159
"755DCA",22.685,113.829,"五桂山街道",22.4461,113.403,51.1929482986
"755DCA",22.685,113.829,"从化区",23.5468,113.587,99.0030113947
"755DCA",22.685,113.829,"从化市",23.5237,113.599,96.2103166128
"755DCA",22.685,113.829,"企石镇",23.0588,114.028,46.3102156933
"755DCA",22.685,113.829,"光明新区",22.7489,113.936,13.0782687294
"755DCA",22.685,113.829,"凤岗镇",22.7542,114.086,27.4684265171
"755DCA",22.685,113.829,"南区街道",22.4854,113.354,53.5967495825
"755DCA",22.685,113.829,"南城区",22.9835,113.754,34.0806707332
"755DCA",22.685,113.829,"南城街道",22.9863,113.744,34.6277761588
"755DCA",22.685,113.829,"南头镇",22.7106,113.289,55.4854018747
"755DCA",22.685,113.829,"南山区",22.5426,113.945,19.8177195863
"755DCA",22.685,113.829,"南朗镇",22.5348,113.511,36.6784058978
"755DCA",22.685,113.829,"南沙区",23.1586,113.364,71.0236204352
"755DCA",22.685,113.829,"南海区",23.0874,113.101,86.9977066703
"755DCA",22.685,113.829,"南湾区",22.2195,113.509,61.3433942424
"755DCA",22.685,113.829,"博罗县",23.1926,114.103,63.0516013234
"755DCA",22.685,113.829,"厚街镇",22.9267,113.675,31.1784425021
"755DCA",22.685,113.829,"古镇镇",22.6317,113.193,65.5507702628
"755DCA",22.685,113.829,"台山市",22.3586,112.796,112.17460258
"755DCA",22.685,113.829,"四会市",23.2778,112.803,124.040206267
"755DCA",22.685,113.829,"坦洲镇",22.2781,113.466,58.6539611194
"755DCA",22.685,113.829,"坪山新区",22.6866,114.351,53.5702011487
"755DCA",22.685,113.829,"塘厦镇",22.8064,114.081,29.1644084243
"755DCA",22.685,113.829,"增城区",23.2611,113.811,64.106014404
"755DCA",22.685,113.829,"增城市",23.2008,113.677,59.447395478
"755DCA",22.685,113.829,"大亚湾区",22.7409,114.535,72.7047494562
"755DCA",22.685,113.829,"大岭山镇",22.902,113.843,24.1795295603
"755DCA",22.685,113.829,"大旺高新技术开发区",23.2955,112.817,123.890592811
"755DCA",22.685,113.829,"大朗镇",22.9219,113.91,27.628259365
"755DCA",22.685,113.829,"大涌镇",22.4734,113.28,61.0995776264
"755DCA",22.685,113.829,"大鹏新区",22.5969,114.475,67.0370608422
"755DCA",22.685,113.829,"天河区",23.1402,113.361,69.7323935568
"755DCA",22.685,113.829,"宝安区",22.6625,113.94,11.663963949
"755DCA",22.685,113.829,"寮步镇",23.0004,113.855,35.1829797887
"755DCA",22.685,113.829,"封开县",23.4192,111.505,251.480926932
"755DCA",22.685,113.829,"小榄镇",22.6338,113.25,59.7031579403
"755DCA",22.685,113.829,"常平镇",22.971,113.999,36.272858531
"755DCA",22.685,113.829,"广宁县",23.6225,112.421,177.786831675
"755DCA",22.685,113.829,"开平市",22.3788,112.702,120.691903708
"755DCA",22.685,113.829,"德庆县",23.1382,111.865,207.436618116
"755DCA",22.685,113.829,"怀集县",23.9059,112.186,215.903306534
"755DCA",22.685,113.829,"恩平市",22.3099,112.701,123.19811088
"755DCA",22.685,113.829,"惠东县",22.886,114.764,98.4556500337
"755DCA",22.685,113.829,"惠城区",23.0275,114.432,72.6029731677
"755DCA",22.685,113.829,"惠阳区",22.8068,114.433,63.4217554357
"755DCA",22.685,113.829,"斗门区",22.2061,113.398,69.2869323063
"755DCA",22.685,113.829,"新会区",22.4936,113.016,86.1636088878
"755DCA",22.685,113.829,"望牛墩镇",23.0641,113.661,45.5466882854
"755DCA",22.685,113.829,"板芙镇",22.549,113.334,53.0279473496
"755DCA",22.685,113.829,"桥头镇",22.9725,114.056,39.5497680135
"755DCA",22.685,113.829,"樟木头镇",22.8984,114.067,34.0449048421
"755DCA",22.685,113.829,"横栏镇",22.5744,113.226,63.1182164747
"755DCA",22.685,113.829,"横沥镇",23.0282,113.97,40.8181086457
"755DCA",22.685,113.829,"民众镇",22.567,113.325,53.3838346969
"755DCA",22.685,113.829,"江海区",22.5789,113.119,73.8410027325
"755DCA",22.685,113.829,"沙溪镇",22.5077,113.328,55.0984835468
"755DCA",22.685,113.829,"沙田镇",22.8716,113.629,29.1803142691
"755DCA",22.685,113.829,"洪梅镇",22.9842,113.614,39.9164818819
"755DCA",22.685,113.829,"海珠区",23.0873,113.306,69.8185782383
"755DCA",22.685,113.829,"清溪镇",22.8167,114.18,38.8700650239
"755DCA",22.685,113.829,"港口镇",22.5907,113.392,46.0723700496
"755DCA",22.685,113.829,"火炬开发区",22.5601,113.474,39.0063137228
"755DCA",22.685,113.829,"番禺区",22.9879,113.38,57.0407246158
"755DCA",22.685,113.829,"白云区",23.2591,113.166,93.2076267783
"755DCA",22.685,113.829,"盐田区",22.6661,114.093,27.176293971
"755DCA",22.685,113.829,"石岐区",22.5366,113.388,48.1967690477
"755DCA",22.685,113.829,"石排镇",23.0796,113.942,45.393148613
"755DCA",22.685,113.829,"石碣镇",23.1046,113.807,46.7264472448
"755DCA",22.685,113.829,"石龙镇",23.098,113.861,46.0547996415
"755DCA",22.685,113.829,"神湾镇",22.325,113.36,62.658421232
"755DCA",22.685,113.829,"禅城区",23.0062,113.097,83.104539294
"755DCA",22.685,113.829,"福田区",22.5409,114.069,29.3968866225
"755DCA",22.685,113.829,"端州区",23.0803,112.485,144.575652518
"755DCA",22.685,113.829,"罗湖区",22.5565,114.116,32.750626025
"755DCA",22.685,113.829,"花都区",23.4249,113.224,102.99040709
"755DCA",22.685,113.829,"茶山镇",22.935,113.905,28.8786355355
"755DCA",22.685,113.829,"荔湾区",23.0984,113.239,75.9566151456
"755DCA",22.685,113.829,"莞城区",23.0385,113.749,40.1655552573
"755DCA",22.685,113.829,"莞城街道",23.0385,113.749,40.1655552573
"755DCA",22.685,113.829,"萝岗区",23.1738,113.509,63.4869801056
"755DCA",22.685,113.829,"蓬江区",22.612,113.068,78.5391656052
"755DCA",22.685,113.829,"虎门镇",22.8176,113.708,19.276492778
"755DCA",22.685,113.829,"西区街道",22.5201,113.359,51.6304790288
"755DCA",22.685,113.829,"谢岗镇",22.9641,114.136,44.2078712967
"755DCA",22.685,113.829,"越秀区",23.0587,113.324,66.3800642926
"755DCA",22.685,113.829,"道滘镇",23.0044,113.675,38.8760052918
"755DCA",22.685,113.829,"金唐区",22.3804,113.54,45.0497015706
"755DCA",22.685,113.829,"金湾区",22.1313,113.383,76.7882396708
"755DCA",22.685,113.829,"长安镇",22.7892,113.769,13.1231657962
"755DCA",22.685,113.829,"阜沙镇",22.6677,113.35,49.1980974431
"755DCA",22.685,113.829,"顺德区",22.8716,113.177,70.0130014556
"755DCA",22.685,113.829,"香洲区",22.271,113.539,54.8535840445
"755DCA",22.685,113.829,"高埗镇",22.8583,113.672,25.1165421746
"755DCA",22.685,113.829,"高新区",22.3978,113.343,59.2728901105
"755DCA",22.685,113.829,"高明区",22.8715,112.862,101.316892598
"755DCA",22.685,113.829,"高要市",23.0463,112.555,136.615109447
"755DCA",22.685,113.829,"鹤山市",22.7592,112.969,88.6186126397
"755DCA",22.685,113.829,"麻涌镇",23.054,113.558,49.5577798111
"755DCA",22.685,113.829,"黄圃镇",22.7073,113.33,51.2657209636
"755DCA",22.685,113.829,"黄埔区",23.1005,113.477,58.6249288622
"755DCA",22.685,113.829,"黄江镇",22.9155,114.021,32.3252842762
"755DCA",22.685,113.829,"鼎湖区",23.1852,112.574,140.08007508
"755DCA",22.685,113.829,"龙华新区",22.6685,114.018,19.4839197403
"755DCA",22.685,113.829,"龙岗区",22.6699,114.186,36.6776071208
"755DCA",22.685,113.829,"龙门县",23.1604,114.364,76.1584880215
"755DCD",22.739,113.999,"万江区",23.0261,113.706,43.8328610767
"755DCD",22.739,113.999,"万江街道",23.0471,113.738,43.4704625943
"755DCD",22.739,113.999,"东凤镇",22.7017,113.258,76.1385340456
"755DCD",22.739,113.999,"东区街道",22.5137,113.399,66.503507123
"755DCD",22.739,113.999,"东升镇",22.6104,113.305,72.6491259657
"755DCD",22.739,113.999,"东坑镇",22.9808,113.945,27.4589408783
"755DCD",22.739,113.999,"东城区",23.0216,113.772,39.1051449356
"755DCD",22.739,113.999,"东城街道",23.0281,113.783,39.0383030537
"755DCD",22.739,113.999,"东山区",23.1205,113.296,83.587731844
"755DCD",22.739,113.999,"东莞市",23.0205,113.752,40.2628495848
"755DCD",22.739,113.999,"丬乡镇",22.3582,113.441,71.2727004907
"755DCD",22.739,113.999,"丬水区",23.1558,112.897,122.024330769
"755DCD",22.739,113.999,"丬角镇",22.5206,113.306,75.1805212519
"755DCD",22.739,113.999,"中堂镇",23.1007,113.667,52.6826987115
"755DCD",22.739,113.999,"中山市",22.5257,113.382,67.641183646
"755DCD",22.739,113.999,"五桂山街道",22.4461,113.403,69.3362964212
"755DCD",22.739,113.999,"从化区",23.5468,113.587,99.2417506475
"755DCD",22.739,113.999,"从化市",23.5237,113.599,96.3958425394
"755DCD",22.739,113.999,"企石镇",23.0588,114.028,35.6951953219
"755DCD",22.739,113.999,"光明新区",22.7489,113.936,6.55573507524
"755DCD",22.739,113.999,"凤岗镇",22.7542,114.086,9.08309329585
"755DCD",22.739,113.999,"南区街道",22.4854,113.354,71.9850297705
"755DCD",22.739,113.999,"南城区",22.9835,113.754,37.015539088
"755DCD",22.739,113.999,"南城街道",22.9863,113.744,37.9433305168
"755DCD",22.739,113.999,"南头镇",22.7106,113.289,72.9109628703
"755DCD",22.739,113.999,"南山区",22.5426,113.945,22.5379306534
"755DCD",22.739,113.999,"南朗镇",22.5348,113.511,55.0067726168
"755DCD",22.739,113.999,"南沙区",23.1586,113.364,80.0533837671
"755DCD",22.739,113.999,"南海区",23.0874,113.101,99.8311358303
"755DCD",22.739,113.999,"南湾区",22.2195,113.509,76.6499924264
"755DCD",22.739,113.999,"博罗县",23.1926,114.103,51.5658243655
"755DCD",22.739,113.999,"厚街镇",22.9267,113.675,39.231195077
"755DCD",22.739,113.999,"古镇镇",22.6317,113.193,83.5720212706
"755DCD",22.739,113.999,"台山市",22.3586,112.796,130.622304932
"755DCD",22.739,113.999,"四会市",23.2778,112.803,136.326548239
"755DCD",22.739,113.999,"坦洲镇",22.2781,113.466,75.0188718301
"755DCD",22.739,113.999,"坪山新区",22.6866,114.351,36.5839253257
"755DCD",22.739,113.999,"塘厦镇",22.8064,114.081,11.2662781098
"755DCD",22.739,113.999,"增城区",23.2611,113.811,61.1800552107
"755DCD",22.739,113.999,"增城市",23.2008,113.677,61.0399605469
"755DCD",22.739,113.999,"大亚湾区",22.7409,114.535,54.9852948871
"755DCD",22.739,113.999,"大岭山镇",22.902,113.843,24.1766318711
"755DCD",22.739,113.999,"大旺高新技术开发区",23.2955,112.817,135.918703968
"755DCD",22.739,113.999,"大朗镇",22.9219,113.91,22.2962159414
"755DCD",22.739,113.999,"大涌镇",22.4734,113.28,79.5208761609
"755DCD",22.739,113.999,"大鹏新区",22.5969,114.475,51.3486598759
"755DCD",22.739,113.999,"天河区",23.1402,113.361,79.1349526564
"755DCD",22.739,113.999,"宝安区",22.6625,113.94,10.443062284
"755DCD",22.739,113.999,"寮步镇",23.0004,113.855,32.6064668189
"755DCD",22.739,113.999,"封开县",23.4192,111.505,266.178395455
"755DCD",22.739,113.999,"小榄镇",22.6338,113.25,77.7507990404
"755DCD",22.739,113.999,"常平镇",22.971,113.999,25.8053213093
"755DCD",22.739,113.999,"广宁县",23.6225,112.421,188.918557628
"755DCD",22.739,113.999,"开平市",22.3788,112.702,139.119976805
"755DCD",22.739,113.999,"德庆县",23.1382,111.865,223.056045621
"755DCD",22.739,113.999,"怀集县",23.9059,112.186,226.134277091
"755DCD",22.739,113.999,"恩平市",22.3099,112.701,141.645380699
"755DCD",22.739,113.999,"惠东县",22.886,114.764,80.1209243134
"755DCD",22.739,113.999,"惠城区",23.0275,114.432,54.7597468202
"755DCD",22.739,113.999,"惠阳区",22.8068,114.433,45.1449560541
"755DCD",22.739,113.999,"斗门区",22.2061,113.398,85.6112315935
"755DCD",22.739,113.999,"新会区",22.4936,113.016,104.556385635
"755DCD",22.739,113.999,"望牛墩镇",23.0641,113.661,50.0698369865
"755DCD",22.739,113.999,"板芙镇",22.549,113.334,71.4623435556
"755DCD",22.739,113.999,"桥头镇",22.9725,114.056,26.6211559179
"755DCD",22.739,113.999,"樟木头镇",22.8984,114.067,19.0514655425
"755DCD",22.739,113.999,"横栏镇",22.5744,113.226,81.430241673
"755DCD",22.739,113.999,"横沥镇",23.0282,113.97,32.3046495949
"755DCD",22.739,113.999,"民众镇",22.567,113.325,71.7817446967
"755DCD",22.739,113.999,"江海区",22.5789,113.119,92.065643525
"755DCD",22.739,113.999,"沙溪镇",22.5077,113.328,73.5393334681
"755DCD",22.739,113.999,"沙田镇",22.8716,113.629,40.7039684682
"755DCD",22.739,113.999,"洪梅镇",22.9842,113.614,47.9676634478
"755DCD",22.739,113.999,"海珠区",23.0873,113.306,80.8819183192
"755DCD",22.739,113.999,"清溪镇",22.8167,114.18,20.475856708
"755DCD",22.739,113.999,"港口镇",22.5907,113.392,64.4491540569
"755DCD",22.739,113.999,"火炬开发区",22.5601,113.474,57.4483834213
"755DCD",22.739,113.999,"番禺区",22.9879,113.38,69.2193546736
"755DCD",22.739,113.999,"白云区",23.2591,113.166,103.057720089
"755DCD",22.739,113.999,"盐田区",22.6661,114.093,12.6010394294
"755DCD",22.739,113.999,"石岐区",22.5366,113.388,66.6430840141
"755DCD",22.739,113.999,"石排镇",23.0796,113.942,38.3323591312
"755DCD",22.739,113.999,"石碣镇",23.1046,113.807,45.1729099465
"755DCD",22.739,113.999,"石龙镇",23.098,113.861,42.3604496458
"755DCD",22.739,113.999,"神湾镇",22.325,113.36,80.1901220998
"755DCD",22.739,113.999,"禅城区",23.0062,113.097,97.1005693037
"755DCD",22.739,113.999,"福田区",22.5409,114.069,23.1768201004
"755DCD",22.739,113.999,"端州区",23.0803,112.485,159.695225534
"755DCD",22.739,113.999,"罗湖区",22.5565,114.116,23.5863645619
"755DCD",22.739,113.999,"花都区",23.4249,113.224,110.042036485
"755DCD",22.739,113.999,"茶山镇",22.935,113.905,23.8356531767
"755DCD",22.739,113.999,"荔湾区",23.0984,113.239,87.5238779677
"755DCD",22.739,113.999,"莞城区",23.0385,113.749,42.0244589007
"755DCD",22.739,113.999,"莞城街道",23.0385,113.749,42.0244589007
"755DCD",22.739,113.999,"萝岗区",23.1738,113.509,69.6963346136
"755DCD",22.739,113.999,"蓬江区",22.612,113.068,96.5888679746
"755DCD",22.739,113.999,"虎门镇",22.8176,113.708,31.0977252397
"755DCD",22.739,113.999,"西区街道",22.5201,113.359,70.0726003509
"755DCD",22.739,113.999,"谢岗镇",22.9641,114.136,28.7068646522
"755DCD",22.739,113.999,"越秀区",23.0587,113.324,77.7692915134
"755DCD",22.739,113.999,"道滘镇",23.0044,113.675,44.4299957861
"755DCD",22.739,113.999,"金唐区",22.3804,113.54,61.7566048074
"755DCD",22.739,113.999,"金湾区",22.1313,113.383,92.6273771073
"755DCD",22.739,113.999,"长安镇",22.7892,113.769,24.2419263084
"755DCD",22.739,113.999,"阜沙镇",22.6677,113.35,67.0652064663
"755DCD",22.739,113.999,"顺德区",22.8716,113.177,85.5641512818
"755DCD",22.739,113.999,"香洲区",22.271,113.539,70.3146035966
"755DCD",22.739,113.999,"高埗镇",22.8583,113.672,36.0607485473
"755DCD",22.739,113.999,"高新区",22.3978,113.343,77.3320369638
"755DCD",22.739,113.999,"高明区",22.8715,112.862,117.509540606
"755DCD",22.739,113.999,"高要市",23.0463,112.555,151.860880656
"755DCD",22.739,113.999,"鹤山市",22.7592,112.969,105.677918448
"755DCD",22.739,113.999,"麻涌镇",23.054,113.558,57.1797011077
"755DCD",22.739,113.999,"黄圃镇",22.7073,113.33,68.7274442215
"755DCD",22.739,113.999,"黄埔区",23.1005,113.477,66.9081090766
"755DCD",22.739,113.999,"黄江镇",22.9155,114.021,19.7611948137
"755DCD",22.739,113.999,"鼎湖区",23.1852,112.574,154.150302811
"755DCD",22.739,113.999,"龙华新区",22.6685,114.018,8.0804257578
"755DCD",22.739,113.999,"龙岗区",22.6699,114.186,20.6702507389
"755DCD",22.739,113.999,"龙门县",23.1604,114.364,59.9555226223
"757DCB",22.807,113.189,"万江区",23.0261,113.706,58.3045489805
"757DCB",22.807,113.189,"万江街道",23.0471,113.738,62.2597710201
"757DCB",22.807,113.189,"东凤镇",22.7017,113.258,13.6848161089
"757DCB",22.807,113.189,"东区街道",22.5137,113.399,39.1015104517
"757DCB",22.807,113.189,"东升镇",22.6104,113.305,24.8971460599
"757DCB",22.807,113.189,"东坑镇",22.9808,113.945,79.8413212744
"757DCB",22.807,113.189,"东城区",23.0216,113.772,64.3227141576
"757DCB",22.807,113.189,"东城街道",23.0281,113.783,65.6366484716
"757DCB",22.807,113.189,"东山区",23.1205,113.296,36.5519056019
"757DCB",22.807,113.189,"东莞市",23.0205,113.752,62.3781487154
"757DCB",22.807,113.189,"丬乡镇",22.3582,113.441,56.2299792417
"757DCB",22.807,113.189,"丬水区",23.1558,112.897,48.9825236228
"757DCB",22.807,113.189,"丬角镇",22.5206,113.306,34.0445908447
"757DCB",22.807,113.189,"中堂镇",23.1007,113.667,58.8564871966
"757DCB",22.807,113.189,"中山市",22.5257,113.382,37.0325035419
"757DCB",22.807,113.189,"五桂山街道",22.4461,113.403,45.7621563499
"757DCB",22.807,113.189,"从化区",23.5468,113.587,91.801247031
"757DCB",22.807,113.189,"从化市",23.5237,113.599,90.0715828674
"757DCB",22.807,113.189,"企石镇",23.0588,114.028,90.3940214441
"757DCB",22.807,113.189,"光明新区",22.7489,113.936,76.8807889595
"757DCB",22.807,113.189,"凤岗镇",22.7542,114.086,92.1774228067
"757DCB",22.807,113.189,"南区街道",22.4854,113.354,39.5789459121
"757DCB",22.807,113.189,"南城区",22.9835,113.754,61.1318318657
"757DCB",22.807,113.189,"南城街道",22.9863,113.744,60.2641352
"757DCB",22.807,113.189,"南头镇",22.7106,113.289,14.8384129884
"757DCB",22.807,113.189,"南山区",22.5426,113.945,82.9766188592
"757DCB",22.807,113.189,"南朗镇",22.5348,113.511,44.8206610194
"757DCB",22.807,113.189,"南沙区",23.1586,113.364,43.0185602933
"757DCB",22.807,113.189,"南海区",23.0874,113.101,32.4652018823
"757DCB",22.807,113.189,"南湾区",22.2195,113.509,73.1535684434
"757DCB",22.807,113.189,"博罗县",23.1926,114.103,102.94250229
"757DCB",22.807,113.189,"厚街镇",22.9267,113.675,51.5580593717
"757DCB",22.807,113.189,"古镇镇",22.6317,113.193,19.5029082022
"757DCB",22.807,113.189,"台山市",22.3586,112.796,64.1608038357
"757DCB",22.807,113.189,"四会市",23.2778,112.803,65.5992744373
"757DCB",22.807,113.189,"坦洲镇",22.2781,113.466,65.3503869584
"757DCB",22.807,113.189,"坪山新区",22.6866,114.351,119.946029315
"757DCB",22.807,113.189,"塘厦镇",22.8064,114.081,91.4598956026
"757DCB",22.807,113.189,"增城区",23.2611,113.811,81.2706005085
"757DCB",22.807,113.189,"增城市",23.2008,113.677,66.4454411887
"757DCB",22.807,113.189,"大亚湾区",22.7409,114.535,138.238601969
"757DCB",22.807,113.189,"大岭山镇",22.902,113.843,67.8611316263
"757DCB",22.807,113.189,"大旺高新技术开发区",23.2955,112.817,66.347339203
"757DCB",22.807,113.189,"大朗镇",22.9219,113.91,74.9923381835
"757DCB",22.807,113.189,"大涌镇",22.4734,113.28,38.2641687418
"757DCB",22.807,113.189,"大鹏新区",22.5969,114.475,134.012225336
"757DCB",22.807,113.189,"天河区",23.1402,113.361,41.0345105479
"757DCB",22.807,113.189,"宝安区",22.6625,113.94,78.7019370236
"757DCB",22.807,113.189,"寮步镇",23.0004,113.855,71.5490357382
"757DCB",22.807,113.189,"封开县",23.4192,111.505,185.243462539
"757DCB",22.807,113.189,"小榄镇",22.6338,113.25,20.25609433
"757DCB",22.807,113.189,"常平镇",22.971,113.999,84.9827454159
"757DCB",22.807,113.189,"广宁县",23.6225,112.421,119.963586384
"757DCB",22.807,113.189,"开平市",22.3788,112.702,69.0626811565
"757DCB",22.807,113.189,"德庆县",23.1382,111.865,140.503466387
"757DCB",22.807,113.189,"怀集县",23.9059,112.186,159.467627304
"757DCB",22.807,113.189,"恩平市",22.3099,112.701,74.6320646229
"757DCB",22.807,113.189,"惠东县",22.886,114.764,161.681454332
"757DCB",22.807,113.189,"惠城区",23.0275,114.432,129.685495691
"757DCB",22.807,113.189,"惠阳区",22.8068,114.433,127.551290821
"757DCB",22.807,113.189,"斗门区",22.2061,113.398,70.2036342862
"757DCB",22.807,113.189,"新会区",22.4936,113.016,39.1222061066
"757DCB",22.807,113.189,"望牛墩镇",23.0641,113.661,56.1739530002
"757DCB",22.807,113.189,"板芙镇",22.549,113.334,32.3263026786
"757DCB",22.807,113.189,"桥头镇",22.9725,114.056,90.7293429052
"757DCB",22.807,113.189,"樟木头镇",22.8984,114.067,90.5663875048
"757DCB",22.807,113.189,"横栏镇",22.5744,113.226,26.1491945227
"757DCB",22.807,113.189,"横沥镇",23.0282,113.97,83.7107133634
"757DCB",22.807,113.189,"民众镇",22.567,113.325,30.123466794
"757DCB",22.807,113.189,"江海区",22.5789,113.119,26.368815725
"757DCB",22.807,113.189,"沙溪镇",22.5077,113.328,36.2196711068
"757DCB",22.807,113.189,"沙田镇",22.8716,113.629,45.6727468691
"757DCB",22.807,113.189,"洪梅镇",22.9842,113.614,47.800975593
"757DCB",22.807,113.189,"海珠区",23.0873,113.306,33.4016018031
"757DCB",22.807,113.189,"清溪镇",22.8167,114.18,101.612537488
"757DCB",22.807,113.189,"港口镇",22.5907,113.392,31.8238296542
"757DCB",22.807,113.189,"火炬开发区",22.5601,113.474,40.1206357691
"757DCB",22.807,113.189,"番禺区",22.9879,113.38,28.0694098875
"757DCB",22.807,113.189,"白云区",23.2591,113.166,50.3420897059
"757DCB",22.807,113.189,"盐田区",22.6661,114.093,94.052835437
"757DCB",22.807,113.189,"石岐区",22.5366,113.388,36.3558946663
"757DCB",22.807,113.189,"石排镇",23.0796,113.942,82.8759173065
"757DCB",22.807,113.189,"石碣镇",23.1046,113.807,71.429240257
"757DCB",22.807,113.189,"石龙镇",23.098,113.861,76.0594494216
"757DCB",22.807,113.189,"神湾镇",22.325,113.36,56.416521825
"757DCB",22.807,113.189,"禅城区",23.0062,113.097,24.0787110873
"757DCB",22.807,113.189,"福田区",22.5409,114.069,95.0432547916
"757DCB",22.807,113.189,"端州区",23.0803,112.485,78.2564177731
"757DCB",22.807,113.189,"罗湖区",22.5565,114.116,99.1316613139
"757DCB",22.807,113.189,"花都区",23.4249,113.224,68.8221131658
"757DCB",22.807,113.189,"茶山镇",22.935,113.905,74.7477501201
"757DCB",22.807,113.189,"荔湾区",23.0984,113.239,32.8144521172
"757DCB",22.807,113.189,"莞城区",23.0385,113.749,62.8834847036
"757DCB",22.807,113.189,"莞城街道",23.0385,113.749,62.8834847036
"757DCB",22.807,113.189,"萝岗区",23.1738,113.509,52.3277671052
"757DCB",22.807,113.189,"蓬江区",22.612,113.068,24.9918024024
"757DCB",22.807,113.189,"虎门镇",22.8176,113.708,53.2258065676
"757DCB",22.807,113.189,"西区街道",22.5201,113.359,36.3707477651
"757DCB",22.807,113.189,"谢岗镇",22.9641,114.136,98.60357741
"757DCB",22.807,113.189,"越秀区",23.0587,113.324,31.2258362649
"757DCB",22.807,113.189,"道滘镇",23.0044,113.675,54.4209769198
"757DCB",22.807,113.189,"金唐区",22.3804,113.54,59.5887508206
"757DCB",22.807,113.189,"金湾区",22.1313,113.383,77.7582123024
"757DCB",22.807,113.189,"长安镇",22.7892,113.769,59.506174192
"757DCB",22.807,113.189,"阜沙镇",22.6677,113.35,22.6464559915
"757DCB",22.807,113.189,"顺德区",22.8716,113.177,7.28998080286
"757DCB",22.807,113.189,"香洲区",22.271,113.539,69.6227755256
"757DCB",22.807,113.189,"高埗镇",22.8583,113.672,49.8419925479
"757DCB",22.807,113.189,"高新区",22.3978,113.343,48.1841366262
"757DCB",22.807,113.189,"高明区",22.8715,112.862,34.2796339189
"757DCB",22.807,113.189,"高要市",23.0463,112.555,70.1913968118
"757DCB",22.807,113.189,"鹤山市",22.7592,112.969,23.1793147681
"757DCB",22.807,113.189,"麻涌镇",23.054,113.558,46.7298390033
"757DCB",22.807,113.189,"黄圃镇",22.7073,113.33,18.2247972125
"757DCB",22.807,113.189,"黄埔区",23.1005,113.477,43.9985331636
"757DCB",22.807,113.189,"黄江镇",22.9155,114.021,86.1234318099
"757DCB",22.807,113.189,"鼎湖区",23.1852,112.574,75.7288596219
"757DCB",22.807,113.189,"龙华新区",22.6685,114.018,86.4272526041
"757DCB",22.807,113.189,"龙岗区",22.6699,114.186,103.407562343
"757DCB",22.807,113.189,"龙门县",23.1604,114.364,126.577688754
"760DCA",22.674,113.448,"万江区",23.0261,113.706,47.2564156874
"760DCA",22.674,113.448,"万江街道",23.0471,113.738,51.0459479105
"760DCA",22.674,113.448,"东凤镇",22.7017,113.258,19.7402706928
"760DCA",22.674,113.448,"东区街道",22.5137,113.399,18.5265914695
"760DCA",22.674,113.448,"东升镇",22.6104,113.305,16.2955667242
"760DCA",22.674,113.448,"东坑镇",22.9808,113.945,61.3235510659
"760DCA",22.674,113.448,"东城区",23.0216,113.772,50.968831725
"760DCA",22.674,113.448,"东城街道",23.0281,113.783,52.2528302599
"760DCA",22.674,113.448,"东山区",23.1205,113.296,52.0489711852
"760DCA",22.674,113.448,"东莞市",23.0205,113.752,49.5622717686
"760DCA",22.674,113.448,"丬乡镇",22.3582,113.441,35.1337443817
"760DCA",22.674,113.448,"丬水区",23.1558,112.897,77.8372435293
"760DCA",22.674,113.448,"丬角镇",22.5206,113.306,22.4448297311
"760DCA",22.674,113.448,"中堂镇",23.1007,113.667,52.4998981822
"760DCA",22.674,113.448,"中山市",22.5257,113.382,17.8334372902
"760DCA",22.674,113.448,"五桂山街道",22.4461,113.403,25.7672617138
"760DCA",22.674,113.448,"从化区",23.5468,113.587,98.1173085298
"760DCA",22.674,113.448,"从化市",23.5237,113.599,95.7663123492
"760DCA",22.674,113.448,"企石镇",23.0588,114.028,73.2491771698
"760DCA",22.674,113.448,"光明新区",22.7489,113.936,50.7596535541
"760DCA",22.674,113.448,"凤岗镇",22.7542,114.086,66.0658087444
"760DCA",22.674,113.448,"南区街道",22.4854,113.354,23.092782457
"760DCA",22.674,113.448,"南城区",22.9835,113.754,46.5747852434
"760DCA",22.674,113.448,"南城街道",22.9863,113.744,46.1244350999
"760DCA",22.674,113.448,"南头镇",22.7106,113.289,16.8167006158
"760DCA",22.674,113.448,"南山区",22.5426,113.945,53.0847483763
"760DCA",22.674,113.448,"南朗镇",22.5348,113.511,16.7803273321
"760DCA",22.674,113.448,"南沙区",23.1586,113.364,54.5846468966
"760DCA",22.674,113.448,"南海区",23.0874,113.101,58.1280847735
"760DCA",22.674,113.448,"南湾区",22.2195,113.509,50.9414105645
"760DCA",22.674,113.448,"博罗县",23.1926,114.103,88.4837209315
"760DCA",22.674,113.448,"厚街镇",22.9267,113.675,36.4942224979
"760DCA",22.674,113.448,"古镇镇",22.6317,113.193,26.5950028172
"760DCA",22.674,113.448,"台山市",22.3586,112.796,75.6230865737
"760DCA",22.674,113.448,"四会市",23.2778,112.803,94.198259781
"760DCA",22.674,113.448,"坦洲镇",22.2781,113.466,44.074736203
"760DCA",22.674,113.448,"坪山新区",22.6866,114.351,92.6839987926
"760DCA",22.674,113.448,"塘厦镇",22.8064,114.081,66.5843838475
"760DCA",22.674,113.448,"增城区",23.2611,113.811,75.143159543
"760DCA",22.674,113.448,"增城市",23.2008,113.677,63.116801225
"760DCA",22.674,113.448,"大亚湾区",22.7409,114.535,111.782782419
"760DCA",22.674,113.448,"大岭山镇",22.902,113.843,47.7902680499
"760DCA",22.674,113.448,"大旺高新技术开发区",23.2955,112.817,94.6242516554
"760DCA",22.674,113.448,"大朗镇",22.9219,113.91,54.8139395525
"760DCA",22.674,113.448,"大涌镇",22.4734,113.28,28.2062072757
"760DCA",22.674,113.448,"大鹏新区",22.5969,114.475,105.781903066
"760DCA",22.674,113.448,"天河区",23.1402,113.361,52.6159007919
"760DCA",22.674,113.448,"宝安区",22.6625,113.94,50.5138389402
"760DCA",22.674,113.448,"寮步镇",23.0004,113.855,55.3063056717
"760DCA",22.674,113.448,"封开县",23.4192,111.505,215.449480746
"760DCA",22.674,113.448,"小榄镇",22.6338,113.25,20.8104089122
"760DCA",22.674,113.448,"常平镇",22.971,113.999,65.4398626883
"760DCA",22.674,113.448,"广宁县",23.6225,112.421,148.871551016
"760DCA",22.674,113.448,"开平市",22.3788,112.702,83.3834486657
"760DCA",22.674,113.448,"德庆县",23.1382,111.865,170.210928666
"760DCA",22.674,113.448,"怀集县",23.9059,112.186,188.144742441
"760DCA",22.674,113.448,"恩平市",22.3099,112.701,86.7957184223
"760DCA",22.674,113.448,"惠东县",22.886,114.764,137.004706457
"760DCA",22.674,113.448,"惠城区",23.0275,114.432,108.253347521
"760DCA",22.674,113.448,"惠阳区",22.8068,114.433,102.118468446
"760DCA",22.674,113.448,"斗门区",22.2061,113.398,52.2976752213
"760DCA",22.674,113.448,"新会区",22.4936,113.016,48.693279085
"760DCA",22.674,113.448,"望牛墩镇",23.0641,113.661,48.5725128209
"760DCA",22.674,113.448,"板芙镇",22.549,113.334,18.175055026
"760DCA",22.674,113.448,"桥头镇",22.9725,114.056,70.6239963565
"760DCA",22.674,113.448,"樟木头镇",22.8984,114.067,68.2086986947
"760DCA",22.674,113.448,"横栏镇",22.5744,113.226,25.3425783715
"760DCA",22.674,113.448,"横沥镇",23.0282,113.97,66.4450958071
"760DCA",22.674,113.448,"民众镇",22.567,113.325,17.3532288834
"760DCA",22.674,113.448,"江海区",22.5789,113.119,35.3955846781
"760DCA",22.674,113.448,"沙溪镇",22.5077,113.328,22.2266805038
"760DCA",22.674,113.448,"沙田镇",22.8716,113.629,28.7692381238
"760DCA",22.674,113.448,"洪梅镇",22.9842,113.614,38.4720031091
"760DCA",22.674,113.448,"海珠区",23.0873,113.306,48.2194443261
"760DCA",22.674,113.448,"清溪镇",22.8167,114.18,76.74753876
"760DCA",22.674,113.448,"港口镇",22.5907,113.392,10.9042109843
"760DCA",22.674,113.448,"火炬开发区",22.5601,113.474,12.9472831635
"760DCA",22.674,113.448,"番禺区",22.9879,113.38,35.6041520311
"760DCA",22.674,113.448,"白云区",23.2591,113.166,71.2007759948
"760DCA",22.674,113.448,"盐田区",22.6661,114.093,66.2061166288
"760DCA",22.674,113.448,"石岐区",22.5366,113.388,16.4781143474
"760DCA",22.674,113.448,"石排镇",23.0796,113.942,67.8105581865
"760DCA",22.674,113.448,"石碣镇",23.1046,113.807,60.3926715293
"760DCA",22.674,113.448,"石龙镇",23.098,113.861,63.3665182893
"760DCA",22.674,113.448,"神湾镇",22.325,113.36,39.8586227837
"760DCA",22.674,113.448,"禅城区",23.0062,113.097,51.5745288504
"760DCA",22.674,113.448,"福田区",22.5409,114.069,65.4621111876
"760DCA",22.674,113.448,"端州区",23.0803,112.485,108.54379226
"760DCA",22.674,113.448,"罗湖区",22.5565,114.116,69.8223482831
"760DCA",22.674,113.448,"花都区",23.4249,113.224,86.6118560952
"760DCA",22.674,113.448,"茶山镇",22.935,113.905,55.1227899729
"760DCA",22.674,113.448,"荔湾区",23.0984,113.239,51.8371084081
"760DCA",22.674,113.448,"莞城区",23.0385,113.749,50.9466408636
"760DCA",22.674,113.448,"莞城街道",23.0385,113.749,50.9466408636
"760DCA",22.674,113.448,"萝岗区",23.1738,113.509,55.9427979424
"760DCA",22.674,113.448,"蓬江区",22.612,113.068,39.6143065066
"760DCA",22.674,113.448,"虎门镇",22.8176,113.708,31.0877268685
"760DCA",22.674,113.448,"西区街道",22.5201,113.359,19.4052858722
"760DCA",22.674,113.448,"谢岗镇",22.9641,114.136,77.5668568943
"760DCA",22.674,113.448,"越秀区",23.0587,113.324,44.6374466844
"760DCA",22.674,113.448,"道滘镇",23.0044,113.675,43.4977963929
"760DCA",22.674,113.448,"金唐区",22.3804,113.54,33.9975161848
"760DCA",22.674,113.448,"金湾区",22.1313,113.383,60.7333814162
"760DCA",22.674,113.448,"长安镇",22.7892,113.769,35.3364857682
"760DCA",22.674,113.448,"阜沙镇",22.6677,113.35,10.082667487
"760DCA",22.674,113.448,"顺德区",22.8716,113.177,35.4338226501
"760DCA",22.674,113.448,"香洲区",22.271,113.539,45.7910461395
"760DCA",22.674,113.448,"高埗镇",22.8583,113.672,30.7905288155
"760DCA",22.674,113.448,"高新区",22.3978,113.343,32.5605175897
"760DCA",22.674,113.448,"高明区",22.8715,112.862,63.9886636831
"760DCA",22.674,113.448,"高要市",23.0463,112.555,100.45847448
"760DCA",22.674,113.448,"鹤山市",22.7592,112.969,50.051363403
"760DCA",22.674,113.448,"麻涌镇",23.054,113.558,43.7450456809
"760DCA",22.674,113.448,"黄圃镇",22.7073,113.33,12.6630639419
"760DCA",22.674,113.448,"黄埔区",23.1005,113.477,47.5325094242
"760DCA",22.674,113.448,"黄江镇",22.9155,114.021,64.6059740241
"760DCA",22.674,113.448,"鼎湖区",23.1852,112.574,106.062514121
"760DCA",22.674,113.448,"龙华新区",22.6685,114.018,58.5052743094
"760DCA",22.674,113.448,"龙岗区",22.6699,114.186,75.7457477351
"760DCA",22.674,113.448,"龙门县",23.1604,114.364,108.322310854
